amarillo → mallea
arácnido → aracnita
azul → anil
bizco → quete
blanco → bianco, alura
bobo → keke
carmesí → crinsomo, vermeio, crinsom
carnívoro → karnivoro
cian → cian
diestro → deiranno
elegido → electo
estafador → lerrako, zoike
fructívoro → fructivoro
futuro → futura
gordo → lubo
gris → horan, gris
herbívoro → herbivoro
identificador → identificator, identitor
idiota → hunko, fruka, estulta
insectívoro → insectivoro
intermitente → tika
marrón → marro, brunno, bronzo, itsoso
material de mala calidad → petringo 
misceláneo → miscelanea
morado → purpuro, purpur
naranja (color) → oranja
negro → nekro, tura
obseso → oclure
omnivoro → omnivoro
persona muy salida → libidette
retenido → ataino
rojo → roixo, roxo
rosa → rosa
vegano → vegano
vegetariano → vegetaro
verde → berde
verde lima → lima
viejo → igerne
vivo → vitoso
zurdo → zoranno